model,source_folder,file_gib,estimated_vram_gib,peak_vram_gib,Research,Coding,Data,Writer,PPT,Critic,instruction_score,tool_score,overall_score,median_tok_s,median_latency_s,status
Ministral-3-8B-Reasoning-2512-Q6_K,8GB,6.494,,6.9931640625,86.875,100.0,100.0,76.5625,90.1875,96.65,89.27272727272727,100.0,91.71249999999999,95.6365849016792,1.550674899990554,READY
Qwen3-30B-A3B-Q5_K_M,24GB,20.234,,17.068359375,98.75,100.0,92.0,76.0625,94.5,88.5,90.0,100.0,91.63541666666667,74.42642837015367,8.074462400007178,READY
Devstral-Small-2505-Q4_K_M,16GB,13.349,,14.1162109375,97.5,100.0,100.0,85.625,77.25,86.5,90.45454545454545,0.0,91.14583333333333,51.301146993986144,2.729971199994907,READY
Qwen_Qwen3-14B-Q4_K_M,8-10GB,8.384,,9.0068359375,85.0,100.0,92.0,71.875,96.125,97.1,86.36363636363636,100.0,90.35000000000001,77.59392379330421,7.649727399999392,READY
Qwen3-8B-Q6_K,8GB,6.264,,6.7197265625,97.5,85.0,92.0,82.9375,85.5625,99.0,87.9090909090909,100.0,90.33333333333333,100.11683888563822,5.2876066000026185,READY
phi-4-Q6_K,12-14GB,11.204,,11.9892578125,85.0,100.0,100.0,81.5625,81.5625,93.15,80.45454545454545,0.0,90.21249999999999,60.16185781079562,4.244229900010396,READY
Ministral-3-14B-Instruct-2512-Q5_K_M,12GB,8.96,,9.5517578125,88.75,100.0,88.0,81.5,81.5625,99.0,88.36363636363636,100.0,89.80208333333333,72.8842646223618,2.2047361000004457,READY
Qwen_Qwen3-14B-Q5_K_L,10-12GB,10.24,,10.5009765625,96.25,100.0,78.0,69.8125,93.625,89.0,86.54545454545455,100.0,87.78125,68.46747417355154,8.21993300000031,READY
internlm3-8b-instruct-Q6_K,8GB,6.73,,6.8759765625,85.0,100.0,80.0,76.5625,96.1875,87.1,85.9090909090909,0.0,87.47500000000001,89.93237855975104,2.8476921999972546,READY
phi-4-Q5_K_M,10-12GB,9.876,,10.7275390625,85.0,85.0,100.0,70.6875,84.375,97.1,79.9090909090909,0.0,87.02708333333334,69.18175184172559,3.920368699997198,READY
internlm3-8b-instruct-Q4_K_M,6GB,4.991,,5.2646484375,95.0,93.33333333333333,80.0,80.8125,85.5,87.0,88.36363636363636,0.0,86.94097222222221,114.42437686281541,2.055655399992247,READY
Qwen3-VL-8B-Instruct-Q6_K,8GB,6.264,,6.7431640625,83.75,100.0,80.0,81.5625,76.75,99.0,79.45454545454545,100.0,86.84375,96.05225857585481,1.1198178000049666,READY
Qwen2.5-14B-Instruct-Q5_K_M,12GB,9.787,,10.4248046875,83.75,85.0,100.0,83.6875,82.3125,86.1,91.81818181818181,100.0,86.80833333333334,66.61254827595069,2.43963170000643,READY
Qwen_Qwen3-14B-Q6_K_L,12-14GB,11.64,,11.8994140625,85.0,100.0,80.0,75.75,91.125,88.0,84.27272727272727,100.0,86.64583333333333,59.25102865883263,8.853636700005154,READY
Qwen3-30B-A3B-Q4_K_M,20GB,17.282,,17.2236328125,66.25,100.0,92.0,71.0,93.625,95.5,82.45454545454545,100.0,86.39583333333333,148.733639299986,3.696015699999407,READY
Qwen3-8B-Q4_K_M,6GB,4.682,,5.2900390625,100.0,100.0,92.0,75.0625,73.5,77.1,77.72727272727273,100.0,86.27708333333334,127.12777801015746,4.1454392000014195,READY
Ministral-3-8B-Reasoning-2512-Q4_K_M,6GB,4.841,,5.4716796875,81.25,100.0,100.0,77.9375,71.4375,86.65,85.0,100.0,86.21249999999999,120.77773183786903,0.991588299992145,READY
Qwen_Qwen3-14B-Q5_K_M,10-12GB,9.792,,10.3251953125,78.75,100.0,72.0,73.5,92.0,99.0,89.27272727272727,100.0,85.875,69.2643095839375,7.643866500002332,READY
phi-4-Q5_K_L,10-12GB,10.171,,10.8427734375,85.0,85.0,100.0,70.6875,85.75,88.0,76.45454545454545,0.0,85.73958333333333,68.83163480994433,3.963199899997562,READY
DeepSeek-R1-0528-Qwen3-8B-Q4_K_M,6GB,4.682,,5.2900390625,76.66666666666667,91.0,100.0,83.125,84.125,77.0,84.54545454545455,0.0,85.31944444444444,126.95419846713256,4.399971100006951,READY
Qwen_Qwen3-14B-Q6_K,12-14GB,11.289,,11.7255859375,72.5,100.0,80.0,61.375,93.625,99.0,79.72727272727273,100.0,84.41666666666667,59.73410957791123,8.833039499993902,READY
granite-4.0-h-small-Q4_K_M,24GB,18.139,,17.9150390625,76.66666666666667,100.0,100.0,64.05,80.9375,83.6,67.63636363636364,100.0,84.20902777777779,44.29508952714663,3.1457336000021314,READY
phi-4-Q4_K_M,8-10GB,8.431,,9.3427734375,72.5,85.0,100.0,68.0,84.3125,93.6,75.0,0.0,83.90208333333334,78.63454081448555,3.8129246000025887,READY
Ministral-3-14B-Instruct-2512-Q8_0,16GB,13.374,,13.7294921875,91.25,85.0,68.0,76.4375,83.9375,98.0,86.0909090909091,100.0,83.77083333333333,54.43451014652216,2.4700487999944016,READY
granite-3.3-8b-instruct-Q4_K_M,6GB,4.603,,5.6083984375,81.66666666666667,96.0,74.0,87.0625,83.4375,78.15,86.72727272727273,0.0,83.38611111111112,120.07843111434062,1.5253685000061523,READY
Qwen2.5-Coder-14B-Instruct-Q8_0,16GB,14.623,,14.9873046875,85.0,100.0,60.0,69.75,97.8125,87.1,83.18181818181819,0.0,83.27708333333334,49.233526880028194,2.0120969000126934,READY
Qwen2.5-Coder-14B-Instruct-Q5_K_M,12GB,9.787,,10.4248046875,85.0,100.0,60.0,74.75,93.75,86.1,85.0,0.0,83.26666666666667,64.81404054866718,1.6267159999988507,READY
Qwen3-VL-8B-Instruct-Q4_K_M,6GB,4.682,,5.3134765625,85.0,100.0,80.0,77.0625,76.75,79.0,77.63636363636364,100.0,82.96875,121.20436111953897,1.0481398999982048,READY
phi-4-Q4_K_L,8-10GB,8.787,,9.4580078125,72.5,85.0,100.0,68.0,84.3125,83.6,70.45454545454545,0.0,82.23541666666667,77.99650286774555,3.518309799997951,READY
Qwen3-4B-Q8_0,6GB,3.986,,4.8974609375,90.0,100.0,72.0,64.5,70.5625,95.75,79.0,100.0,82.13541666666667,138.39147913273166,4.240910299995448,READY
Qwen2.5-7B-Instruct-Q4_K_M,6GB,4.361,,4.7021484375,72.5,85.0,100.0,78.1875,85.3125,71.1,81.18181818181819,100.0,82.01666666666667,136.47575152695705,1.4976435999997193,READY
Ministral-3-8B-Instruct-2512-Q6_K,8GB,6.494,,6.9931640625,91.875,96.0,60.0,69.1125,79.625,94.5,81.9090909090909,100.0,81.85208333333334,95.30730204395402,1.422530600000755,READY
Qwen2.5-Coder-7B-Instruct-Q6_K,8GB,5.825,,6.0322265625,72.5,89.33333333333333,80.0,69.25,86.0,92.4,77.72727272727273,0.0,81.58055555555556,106.2107356553213,1.0315751000016462,READY
DeepSeek-R1-Distill-Qwen-14B-Q5_K_M,12GB,9.787,,10.4248046875,83.75,96.0,94.0,84.0625,77.6875,53.6,78.27272727272727,0.0,81.51666666666667,67.70486612323546,7.002344600012293,READY
Ministral-3-14B-Reasoning-2512-Q5_K_M,12GB,8.96,,9.5517578125,80.625,100.0,68.0,68.0,82.125,89.5,79.72727272727273,100.0,81.375,72.78306907008722,1.8766904000076465,READY
Qwen3-4B-Q6_K,4GB,3.079,,3.9892578125,100.0,93.33333333333333,82.0,57.6625,71.25,83.0,80.0909090909091,100.0,81.2076388888889,152.7664504635813,4.267952799986233,READY
granite-3.3-8b-instruct-Q8_0,12GB,8.088,,9.0908203125,85.0,96.0,80.0,61.5,76.8125,86.65,79.0,0.0,80.99374999999999,81.1194233541953,2.5117413999978453,READY
google_gemma-3-4b-it-Q5_K_M,3GB,2.635,,3.5244140625,70.0,77.33333333333333,88.0,82.3125,97.8125,69.6,83.63636363636364,0.0,80.84305555555555,146.33742511273195,0.7809713000024203,READY
Qwen2.5-7B-Instruct-Q6_K,8GB,5.825,,6.0322265625,72.5,71.66666666666667,100.0,77.4375,89.75,73.6,77.0909090909091,100.0,80.82569444444444,108.10481644646403,1.8961088999931235,READY
SmolLM3-Q8_0,4GB,3.051,,3.6787109375,78.75,89.33333333333333,90.0,75.875,74.25,76.4,66.81818181818181,0.0,80.76805555555556,173.07008770278227,1.0985338000027696,READY
Ministral-3-3B-Instruct-2512-Q4_K_M,3GB,1.999,,2.7509765625,68.33333333333333,100.0,68.0,79.25,92.875,75.5,87.45454545454545,100.0,80.65972222222221,218.23283365316829,0.7087766000040574,READY
Phi-4-reasoning-plus-Q8_0,16GB,14.51,,15.1845703125,75.0,100.0,100.0,47.25,76.0625,83.6,66.18181818181819,0.0,80.31875000000001,51.79083440568336,17.377592200005893,READY
Qwen3.5-9B-Q4_K_M,6GB,5.241,,5.3955078125,54.16666666666667,100.0,92.0,59.75,80.9375,94.7,74.72727272727273,100.0,80.25902777777777,113.75808622507279,7.910201600010623,READY
DeepSeek-R1-0528-Qwen3-8B-Q6_K,8GB,6.264,,6.7197265625,83.75,77.33333333333333,100.0,69.8125,85.5625,63.6,75.9090909090909,0.0,80.00972222222222,100.0688507492101,6.918141899994225,READY
Qwen_Qwen3-14B-Q4_K_L,8-10GB,8.921,,9.1826171875,85.0,95.0,52.0,69.8125,91.125,87.1,80.45454545454545,100.0,80.00625000000001,76.48882366175951,7.17697029998817,READY
Qwen3.5-27B-Q6_K,24GB,20.566,,17.310546875,54.16666666666667,100.0,92.0,56.875,80.9375,94.7,74.0,100.0,79.77986111111112,9.465815915453392,95.07896709999477,READY
Qwen2.5-Coder-7B-Instruct-Q4_K_M,6GB,4.361,,4.7021484375,72.5,100.0,60.0,70.0,89.0,85.9,75.0,0.0,79.56666666666666,135.98109914084918,0.9552065000025323,READY
Ministral-3-14B-Reasoning-2512-Q8_0,16GB,13.374,,13.7294921875,82.5,100.0,68.0,63.5625,65.1875,97.5,77.72727272727273,100.0,79.45833333333333,54.28133344240185,3.038838400010718,READY
google_gemma-3-12b-it-Q5_K_M,8-10GB,7.865,,9.7607421875,72.5,96.0,68.0,80.0625,71.0,87.1,79.0909090909091,0.0,79.11041666666667,67.17983956157761,1.7267085000057705,READY
Phi-4-reasoning-plus-Q4_K_M,12GB,8.431,,9.3466796875,74.375,96.0,92.0,48.5,79.75,83.6,73.18181818181819,0.0,79.03750000000001,79.03562556285273,11.387269900005776,READY
Falcon-H1-7B-Instruct-Q6_K,8GB,5.804,,6.5791015625,61.25,96.0,100.0,74.75,73.0625,68.0,76.54545454545455,0.0,78.84375,74.93968312753417,2.1336753999930806,READY
granite-4.0-h-tiny-Q5_K_M,6GB,4.609,,5.2099609375,61.25,86.66666666666667,80.0,80.5,80.6875,83.7,77.54545454545455,100.0,78.80069444444445,178.04080847623288,1.1902130999951623,READY
Qwen3-4B-Q4_K_M,3GB,2.326,,3.2373046875,86.875,84.0,69.0,62.1875,81.125,89.5,85.45454545454545,100.0,78.78125,184.30647562004137,4.343827000004239,READY
GLM-4-9B-0414-Q8_0,12GB,9.313,,9.2314453125,77.5,100.0,60.0,80.6875,74.25,79.0,73.36363636363636,0.0,78.57291666666667,73.18066135498806,1.7847636000078637,READY
qwen3.5-4b-instruct-Q8_0,6GB,4.175,,4.8349609375,66.66666666666667,100.0,92.0,57.375,78.1875,77.2,69.72727272727273,100.0,78.57152777777777,125.43719042106393,7.174905599997146,READY
google_gemma-3-4b-it-Q8_0,4-6GB,3.847,,4.7333984375,70.0,64.0,88.0,83.0,97.8125,64.6,83.63636363636364,0.0,77.90208333333334,123.9780970593133,0.9249424999870826,READY
Mistral-Nemo-Instruct-2407-Q6_K,12GB,9.366,,9.8603515625,96.25,100.0,60.0,73.1875,61.5,76.25,73.54545454545455,100.0,77.86458333333333,67.15733980564602,1.169817800007877,READY
DeepSeek-R1-Distill-Llama-8B-Q6_K,8GB,6.143,,6.6181640625,66.04166666666667,80.0,86.0,76.8125,71.5625,84.6,82.9090909090909,0.0,77.50277777777778,104.97021179941136,4.021042699998361,READY
Qwen3.5-35B-A3B-Q4_K_M,24GB,19.715,,17.3564453125,45.833333333333336,100.0,92.0,62.45,80.9375,81.7,72.27272727272727,100.0,77.15347222222222,81.71720906310648,11.013592000002973,READY
qwen3.5-4b-instruct-Q4_K_M,3GB,2.523,,3.1845703125,58.333333333333336,100.0,92.0,52.875,76.9625,81.2,72.0909090909091,100.0,76.8951388888889,161.29273040917457,5.579916700007743,READY
granite-4.0-h-micro-Q4_K_M,3GB,1.809,,2.4970703125,95.0,68.33333333333333,100.0,68.4375,57.3125,71.5,76.72727272727273,100.0,76.76388888888889,184.95813616104516,1.9687948000064353,READY
Qwen3.5-9B-Q8_0,12GB,8.873,,8.5498046875,54.16666666666667,100.0,72.0,61.625,88.0625,84.7,73.36363636363636,100.0,76.75902777777777,80.71356893295825,11.1497212999966,READY
GLM-4-9B-0414-Q4_K_M,8GB,5.743,,5.9541015625,78.75,93.33333333333333,60.0,78.1875,71.5,78.0,77.9090909090909,0.0,76.62847222222221,101.3395122106068,1.3274132999940775,READY
Falcon-H1-7B-Instruct-Q4_K_M,6GB,4.283,,5.1552734375,72.5,96.0,100.0,68.0,61.0,61.1,69.0909090909091,0.0,76.43333333333334,91.23601923871927,2.638628200002131,READY
DeepSeek-R1-Distill-Qwen-14B-Q8_0,16GB,14.623,,14.9873046875,85.0,96.0,80.0,64.3125,70.5625,62.0,69.0909090909091,0.0,76.3125,50.58956157776363,9.59918460001063,READY
granite-4.0-micro-Q8_0,4GB,3.371,,4.0224609375,72.5,100.0,80.0,65.0,70.9375,69.0,71.9090909090909,100.0,76.23958333333333,152.30599890907737,1.6031603000010364,READY
google_gemma-3-4b-it-Q6_K,3-4GB,2.971,,3.8583984375,82.5,77.33333333333333,68.0,69.375,91.125,68.6,77.27272727272727,0.0,76.15555555555555,136.53012412916874,0.7912119999964489,READY
Ministral-3-3B-Reasoning-2512-Q8_0,4GB,3.401,,4.1513671875,91.875,92.0,74.0,66.5625,61.0,71.2,69.81818181818181,100.0,76.10625,162.3263750308453,0.7967265999905067,READY
Ministral-3-3B-Reasoning-2512-Q4_K_M,3GB,1.999,,2.7509765625,66.25,92.0,100.0,59.75,66.3125,71.6,65.9090909090909,100.0,75.98541666666667,217.0409510037822,0.6433308999985456,READY
google_gemma-3-27b-it-Q4_K_M,16-18GB,15.41,,17.791015625,82.5,96.0,48.0,71.125,71.0,87.1,77.72727272727273,0.0,75.95416666666667,37.788391681011646,2.3811487999919336,READY
granite-3.3-8b-instruct-Q6_K,8GB,6.245,,7.2470703125,72.91666666666667,71.0,80.0,63.5,75.4375,92.15,82.0,0.0,75.83402777777779,91.44757625334648,2.2329976999899372,READY
google_gemma-3-12b-it-Q8_0,12-14GB,11.651,,13.5458984375,85.0,96.0,48.0,71.375,71.0,83.6,76.27272727272727,0.0,75.82916666666667,52.12670941205335,2.2062288999877637,READY
granite-4.0-h-tiny-Q8_0,8GB,6.883,,7.4833984375,61.25,86.66666666666667,80.0,77.0,76.75,72.2,70.72727272727273,100.0,75.64444444444445,167.75068314909504,1.1657430000050226,READY
Ministral-3-3B-Instruct-2512-Q8_0,4GB,3.401,,4.1513671875,82.5,96.0,50.0,74.75,71.5,78.0,77.18181818181819,100.0,75.45833333333333,159.97246068053238,0.8313931000011507,READY
Qwen3.5-9B-Q6_K,8GB,6.854,,6.7626953125,41.66666666666667,100.0,92.0,53.55,79.5625,84.7,70.18181818181819,100.0,75.24652777777779,92.60181276078613,9.71817700000247,READY
google_gemma-3-4b-it-Q4_K_M,3GB,2.319,,3.2080078125,71.25,68.0,68.0,84.375,89.75,68.6,83.9090909090909,0.0,74.99583333333334,155.77906755392658,0.6481256000115536,READY
Mistral-Nemo-Instruct-2407-Q4_K_M,8GB,6.964,,7.6220703125,95.0,100.0,28.0,81.5625,61.0,81.1,79.9090909090909,0.0,74.44375000000001,86.6453519094656,0.9002214000065578,READY
granite-4.0-micro-Q4_K_M,3GB,1.955,,2.6083984375,72.5,83.33333333333333,70.0,80.0625,64.25,75.9,75.63636363636364,100.0,74.34097222222222,195.57603469713243,1.1299952999979723,READY
Ministral-3-8B-Instruct-2512-Q4_K_M,6GB,4.841,,5.4716796875,88.75,85.0,48.0,70.0625,81.5625,72.1,82.72727272727273,100.0,74.24583333333334,122.22026394406147,1.1291089999867836,READY
google_gemma-3-27b-it-Q5_K_M,18-20GB,17.948,,19.1259765625,72.5,100.0,48.0,74.75,73.75,74.6,71.81818181818181,0.0,73.93333333333334,20.21018860584516,5.2943592999945395,READY
google_gemma-3-27b-it-Q6_K,20-24GB,20.644,,18.931640625,85.0,100.0,48.0,69.75,71.0,65.75,70.72727272727273,0.0,73.25,9.200467819468582,9.79734940000344,READY
granite-4.0-h-micro-Q8_0,4GB,3.164,,3.8525390625,88.75,71.66666666666667,80.0,56.5,75.125,66.2,72.27272727272727,100.0,73.04027777777777,142.49582143725448,2.029001499991864,READY
SmolLM3-Q4_K_M,3GB,1.784,,2.4130859375,61.25,86.66666666666667,90.0,62.375,65.25,72.0,67.36363636363636,0.0,72.92361111111111,232.9216729897222,0.9652934000005189,READY
google_gemma-3-12b-it-Q6_K,8-10GB,8.997,,10.8916015625,72.5,96.0,48.0,70.3125,71.0,77.1,74.72727272727273,0.0,72.48541666666667,58.689601403583666,1.8599951000069268,READY
Qwen2.5-Coder-3B-Instruct-Q8_0,4GB,3.06,,3.5498046875,43.75,84.0,60.0,80.5,86.0,79.6,75.9090909090909,0.0,72.30833333333334,167.4444611389123,1.026051599998027,READY
Meta-Llama-3-8B-Instruct-Q6_K,8GB,6.143,,6.6181640625,67.5,100.0,80.0,52.0125,79.75,53.6,65.27272727272727,0.0,72.14375,101.88157498929485,1.3042682000086643,READY
Qwen2.5-3B-Instruct-Q8_0,4GB,3.06,,3.5498046875,61.25,86.66666666666667,70.0,76.8125,78.0,59.85,74.63636363636364,100.0,72.09652777777778,164.55355591694786,0.616081000000122,READY
granite-3.3-2b-instruct-Q8_0,3GB,2.509,,3.1591796875,61.25,74.66666666666667,68.0,77.3125,72.9375,77.25,81.72727272727273,0.0,71.90277777777779,189.87839911995948,1.0164399999921443,READY
Mistral-7B-Instruct-v0.3-Q6_K,8GB,5.539,,6.3232421875,77.91666666666667,78.33333333333333,70.0,68.7125,75.1875,61.2,74.0,0.0,71.89166666666667,109.60755737875215,2.2002805000083754,READY
google_gemma-3-27b-it-Q4_K_S,14-16GB,14.597,,16.9716796875,72.5,96.0,48.0,71.75,71.0,68.15,72.54545454545455,0.0,71.23333333333333,39.23469916785347,2.313998800003901,READY
microsoft_Phi-4-mini-instruct-Q4_K_M,3GB,2.321,,3.1533203125,59.16666666666667,89.33333333333333,70.0,71.75,61.75,74.9,70.0,0.0,71.14999999999999,192.7633339914941,0.43354150000959635,READY
google_gemma-3-12b-it-Q4_K_M,6-8GB,6.799,,8.6962890625,72.5,89.33333333333333,48.0,61.3125,76.0625,77.1,73.81818181818181,0.0,70.71805555555555,74.32600653507218,1.581608699998469,READY
Qwen2.5-Coder-3B-Instruct-Q4_K_M,3GB,1.797,,2.2900390625,50.0,84.0,50.0,70.0,82.75,83.6,73.0,0.0,70.05833333333334,216.39254897423208,0.5698308999999426,READY
Llama-3.2-3B-Instruct-Q8_0,4GB,3.187,,3.9599609375,64.16666666666667,84.0,68.0,63.0,76.3125,63.6,67.9090909090909,100.0,69.84652777777778,172.11817029238267,0.7611049999977695,READY
OpenCoder-8B-Instruct-Q6_K,8GB,5.94,,6.5224609375,72.91666666666667,100.0,52.0,52.35,67.25,74.4,78.54545454545455,0.0,69.81944444444446,107.03203948198508,8.40651319999597,READY
microsoft_Phi-4-mini-reasoning-Q8_0,4GB,3.804,,4.6337890625,68.33333333333333,86.66666666666667,69.0,56.625,64.75,70.3,76.9090909090909,0.0,69.27916666666667,151.89117166334609,5.08458999999857,READY
microsoft_Phi-4-mini-reasoning-Q4_K_M,3GB,2.321,,3.1533203125,55.833333333333336,93.33333333333333,83.0,51.375,60.75,65.2,66.63636363636364,0.0,68.2486111111111,203.69716817489876,3.554966299998341,READY
microsoft_Phi-4-mini-instruct-Q8_0,4GB,3.804,,4.6337890625,55.41666666666667,93.33333333333333,50.0,68.675,71.6875,64.1,77.0,0.0,67.20208333333333,145.86003336722533,0.5979548000032082,READY
Llama-3.2-3B-Instruct-Q4_K_M,3GB,1.881,,2.6572265625,57.91666666666667,96.0,48.0,63.5625,64.875,61.3,70.45454545454545,100.0,65.27569444444445,226.35090135568484,0.6003046999976505,READY
Mistral-7B-Instruct-v0.3-Q4_K_M,6GB,4.072,,4.8896484375,52.91666666666667,68.33333333333333,44.0,64.625,96.125,63.6,75.0909090909091,0.0,64.93333333333334,142.13228725822339,1.4815744999941671,READY
Meta-Llama-3-8B-Instruct-Q4_K_M,6GB,4.583,,5.1865234375,75.0,90.0,64.0,52.0125,69.0625,37.6,59.27272727272727,0.0,64.6125,128.58314235468188,0.7690895999985514,READY
OpenCoder-8B-Instruct-Q4_K_M,6GB,4.411,,5.0908203125,90.0,84.0,30.0,54.875,69.625,53.0,75.63636363636364,0.0,63.583333333333336,138.1240037711611,6.50921630000812,READY
DeepSeek-R1-Distill-Llama-8B-Q4_K_M,6GB,4.583,,5.1865234375,61.25,58.0,68.0,63.8125,66.5625,45.6,64.81818181818181,0.0,60.5375,134.48539990517048,3.1973731000034604,READY
Qwen2.5-3B-Instruct-Q4_K_M,3GB,1.797,,2.2900390625,61.25,86.66666666666667,38.0,62.875,58.8125,55.6,60.45454545454545,100.0,60.53402777777779,214.42785479184184,0.42875050000293413,READY
DeepSeek-R1-Distill-Qwen-7B-Q6_K,8GB,5.825,,6.0322265625,47.22222222222222,63.333333333333336,74.0,50.4,76.875,41.6,63.2,0.0,58.90509259259259,109.90994755384757,4.563633599995228,GENERATED
DeepSeek-R1-Distill-Qwen-7B-Q4_K_M,6GB,4.361,,4.7021484375,64.16666666666667,78.33333333333333,64.0,43.2,77.25,24.099999999999998,55.81818181818182,0.0,58.50833333333333,140.40134734491357,3.3319961999950465,READY
Meta-Llama-3.1-8B-Instruct-Q6_K,8GB,6.143,,6.6201171875,61.66666666666667,53.333333333333336,0.0,66.5,74.25,39.6,64.45454545454545,100.0,49.225,96.58682917046578,0.611481800006004,READY
Meta-Llama-3.1-8B-Instruct-Q4_K_M,6GB,4.583,,5.1884765625,55.41666666666667,51.666666666666664,0.0,73.4375,68.4375,41.6,67.72727272727273,100.0,48.42638888888889,120.08604885733445,0.41636810000636615,READY
